TBD;https://www.17hats.com/;Y;
TBD;https://18f.gsa.gov/;Y;
TBD;https://www.1password.com;Y;
TBD;https://www.42technologies.com/;Y;
TBD;https://www.abiturma.de/;Y;
TBD;https://www.ably.io/;Y;
TBD;https://www.abstractapi.com;Y;
TBD;https://acct.global;Y;
TBD;https://acivilate.com/;Y;
TBD;https://www.acquia.com/;Y;
TBD;https://www.activecampaign.com/;Y;
TBD;https://www.adhocteam.us/;Y;
TBD;https://www.adaface.com;Y;
TBD;https://www.bazaarvoice.com/;Y;
TBD;https://adevait.com/;Y;
TBD;https://www.adzuna.co.uk/;Y;
TBD;https://ae.studio/;Y;
TBD;https://aerolab.co/;Y;
TBD;https://aerostratsoftware.com/;Y;
TBD;https://www.agflow.com;Y;
TBD;https://www.aha.io;Y;
TBD;https://www.aimincorp.com/;Y;
TBD;https://www.joinairbank.com/;Y;
TBD;https://airbyte.com/;Y;
TBD;https://www.airgarage.com/;Y;
TBD;https://www.airtreks.com/;Y;
TBD;https://aivitex.com/;Y;
TBD;https://alamisharia.co.id/en/;Y;
TBD;https://alan.com/;Y;
TBD;https://www.algorand.com/;Y;
TBD;https://algorithmia.com/;Y;
TBD;https://aliceplatform.com;Y;
TBD;https://alight.com;Y;
TBD;https://alley.co;Y;
TBD;https://www.allydvm.com/;Y;
TBD;https://engineering.alphasights.com;Y;
TBD;https://www.amazon.jobs/en/locations/virtual-locations;Y;
TBD;https://ambaum.com/;Y;
TBD;https://andela.com/;Y;
TBD;https://www.animalz.co;Y;
TBD;https://www.annertech.com;Y;
TBD;https://www.anomali.com/company/careers;Y;
TBD;http://www.apartmenttherapy.com/;Y;
TBD;https://appinio.com/;Y;
TBD;https://applaudostudios.com;Y;
TBD;https://www.appstractor.com/;Y;
TBD;https://appwrite.io;Y;
TBD;https://argyle.com/;Y;
TBD;https://www.ark.io/careers;Y;
TBD;https://arkency.com/;Y;
TBD;https://artandlogic.com;Y;
TBD;https://www.artefactual.com;Y;
TBD;https://www.articulate.com;Y;
TBD;https://www.astronomer.io/;Y;
TBD;https://www.atlassian.com/;Y;
TBD;https://www.audiense.com/;Y;
TBD;https://aula.education/;Y;
TBD;https://auth0.com/;Y;
TBD;https://automattic.com/;Y;
TBD;https://axelerant.com/;Y;
TBD;https://axios.com/;Y;
TBD;https://bairesdev.com/;Y;
TBD;https://www.balena.io/;Y;
TBD;https://balsamiq.com/;Y;
TBD;https://bandcamp.com/;Y;
TBD;https://bandlab.com/;Y;
TBD;https://bandzoogle.com/;Y;
TBD;https://baremetrics.com/;Y;
TBD;https://basecamp.com/;Y;
TBD;https://www.beargroup.com/;Y;
TBD;https://bebanjo.com/;Y;
TBD;https://www.beenverified.com/;Y;
TBD;https://bestpractical.com/;Y;
TBD;https://corp.betable.com/;Y;
TBD;https://betapeak.com/;Y;
TBD;https://www.betterup.com/;Y;
TBD;https://beyondcompany.com.br/;Y;
TBD;https://beyondpricing.com;Y;
TBD;https://www.bigcartel.com;Y;
TBD;https://www.bill.com/;Y;
TBD;https://bitzesty.com/;Y;
TBD;https://bitnami.com/;Y;
TBD;https://bitovi.com/;Y;
TBD;https://bizinkonline.com;Y;
TBD;https://www.blameless.com/;Y;
TBD;https://www.bloc.io/;Y;
TBD;https://bluecatnetworks.com/;Y;
TBD;https://www.bluespark.com/;Y;
TBD;https://boldare.com;Y;
TBD;https://www.hellobonsai.com;Y;
TBD;https://bounteous.com;Y;
TBD;https://brainstormforce.com/;Y;
TBD;https://www.crunchbase.com/organization/brave-investment;Y;
TBD;https://www.brightfunds.org;Y;
TBD;https://www.brikl.com/;Y;
TBD;https://britecore.com/;Y;
TBD;https://www.broadwing.io/;Y;
TBD;https://buffer.com/;Y;
TBD;https://bugfender.com/;Y;
TBD;https://www.buysellads.com/;Y;
TBD;https://cabify.com/;Y;
TBD;https://calamari.io/;Y;
TBD;https://calibreapp.com/;Y;
TBD;https://www.cancom.com/;Y;
TBD;https://www.canonical.com/;Y;
TBD;https://www.capchase.com/;Y;
TBD;https://www.capitalonecareers.com/tech;Y;
TBD;https://www.carbonblack.com/;Y;
TBD;https://cardsagainsthumanity.com/;Y;
TBD;https://carecru.com;Y;
TBD;https://caremessage.org/careers/;Y;
TBD;https://cartodb.com/;Y;
TBD;https://www.cartstack.com/;Y;
TBD;https://www.casumo.com/;Y;
TBD;https://celsius.network/;Y;
TBD;https://chainlinklabs.com/;Y;
TBD;https://www.chargify.com/;Y;
TBD;https://www.charitywater.org/;Y;
TBD;https://chatgen.ai/;Y;
TBD;https://www.checklyhq.com;Y;
TBD;https://www.chef.io/;Y;
TBD;https://www.chefsclub.com.br/;Y;
TBD;https://www.chess.com/jobs/;Y;
TBD;https://hichroma.com/;Y;
TBD;https://circleci.com/;Y;
TBD;https://circonus.com/;Y;
TBD;https://civicactions.com/;Y;
TBD;https://www.civo.com;Y;
TBD;https://clevertech.biz/;Y;
TBD;https://clickup.com/;Y;
TBD;https://www.clootrack.com/;Y;
TBD;https://close.com;Y;
TBD;https://getcloudapp.com;Y;
TBD;https://coalitiontechnologies.com/;Y;
TBD;https://codelikeagirl.com;Y;
TBD;https://www.codeait.com;Y;
TBD;https://codepen.io;Y;
TBD;https://codesandbox.io;Y;
TBD;https://codeship.com/;Y;
TBD;https://codestunts.com/;Y;
TBD;https://cofense.com;Y;
TBD;https://www.coinbase.com;Y;
TBD;https://coingape.com/;Y;
TBD;https://www.collabora.com/;Y;
TBD;https://www.comet.co/;Y;
TBD;https://www.compose.io/;Y;
TBD;https://www.compucorp.co.uk;Y;
TBD;https://www.connexa.com/;Y;
TBD;https://consensys.net/;Y;
TBD;https://www.consumerfinance.gov;Y;
TBD;https://www.continu.co/;Y;
TBD;https://conversio.com/;Y;
TBD;https://www.convert.com;Y;
TBD;https://coodesh.com/;Y;
TBD;https://www.core-apps.com/;Y;
TBD;https://coreos.com/;Y;
TBD;https://corgibytes.com;Y;
TBD;https://www.coursera.org/;Y;
TBD;https://www.crossover.com;Y;
TBD;https://www.crowdstrike.com;Y;
TBD;https://crowdtangle.com;Y;
TBD;https://cueup.io/;Y;
TBD;https://customer.io;Y;
TBD;https://cuvette.tech;Y;
TBD;https://jobs.cvshealth.com/;Y;
TBD;https://www.mycwt.com/;Y;
TBD;https://cyberwhale.tech;Y;
TBD;https://dalenys.com/;Y;
TBD;https://dappradar.com/;Y;
TBD;https://darecode.com/;Y;
TBD;https://dashboardhub.io;Y;
TBD;https://dashlane.com;Y;
TBD;https://dsbrigade.com/;Y;
TBD;https://datasciencedojo.com/;Y;
TBD;https://www.datacamp.com/;Y;
TBD;https://www.datadoghq.com/;Y;
TBD;https://www.datastax.com/;Y;
TBD;https://datica.com/;Y;
TBD;http://www.dealdash.com;Y;
TBD;https://delighted.com;Y;
TBD;https://designcode.io/;Y;
TBD;https://www.deskpass.com;Y;
TBD;https://www.devspotlight.com;Y;
TBD;https://devsquad.com;Y;
TBD;https://dgraph.io/;Y;
TBD;https://www.digitalocean.com/;Y;
TBD;https://jobs.gohire.io/digitise-xwcfqaab/;Y;
TBD;https://discord.com/;Y;
TBD;https://www.discourse.org/;Y;
TBD;https://dnsimple.com/;Y;
TBD;https://www.docker.com;Y;
TBD;https://doist.com;Y;
TBD;https://www.donut.app/;Y;
TBD;https://www.dronedeploy.com/;Y;
TBD;https://www.dropbox.com/;Y;
TBD;https://drupaljedi.com/;Y;
TBD;https://duckduckgo.com/;Y;
TBD;https://dynapictures.com/;Y;
TBD;https://earthofdrones.com/;Y;
TBD;https://eatstreet.com/;Y;
TBD;https://www.ebsco.com;Y;
TBD;https://eco-mind.eu/;Y;
TBD;https://meetedgar.com/;Y;
TBD;https://edg.io/;Y;
TBD;https://edify.cr/;Y;
TBD;https://efishery.com/;Y;
TBD;https://www.elastic.co/;Y;
TBD;https://www.emsisoft.com/;Y;
TBD;https://www.engineyard.com/;Y;
TBD;https://www.enjoei.com.br/;Y;
TBD;https://www.enok.co/;Y;
TBD;https://entrision.com/;Y;
TBD;https://envato.com/;Y;
TBD;https://envoy.com/;Y;
TBD;https://epam.com/;Y;
TBD;https://www.epicgames.com/site/en-US/careers;Y;
TBD;https://www.epilocal.com/;Y;
TBD;https://episource.com;Y;
TBD;https://www.equalexperts.com/contact-us/lisbon/;Y;
TBD;https://www.ergeon.com/;Y;
TBD;https://www.estately.com/;Y;
TBD;https://etch.co;Y;
TBD;https://www.etsy.com/;Y;
TBD;https://evelo.com;Y;
TBD;https://evilmartians.com/;Y;
TBD;https://evrone.com/;Y;
TBD;https://www.exportdata.io/;Y;
TBD;https://eyeo.com/;Y;
TBD;https://www.factorialhr.com;Y;
TBD;https://www.fairwinds.com;Y;
TBD;https://www.faithlife.com/;Y;
TBD;https://www.fastly.com/;Y;
TBD;https://about.fatmap.com/careers;Y;
TBD;https://www.fauna.com/;Y;
TBD;https://www.featurist.co.uk/;Y;
TBD;https://fetlife.com/;Y;
TBD;https://ffwagency.com/;Y;
TBD;https://www.filamentgroup.com/;Y;
TBD;https://findify.io;Y;
TBD;https://fingerprintjs.com;Y;
TBD;https://fire-engine-red.com/;Y;
TBD;https://www.fireballlabs.com;Y;
TBD;https://www.fiverr.com/;Y;
TBD;https://fivexl.io;Y;
TBD;https://www.flexera.com/;Y;
TBD;https://flightaware.com;Y;
TBD;https://flip.id;Y;
TBD;https://flowing.it;Y;
TBD;https://fly.io;Y;
TBD;https://www.gofmx.com/;Y;
TBD;https://focusnetworks.com.br;Y;
TBD;https://fohandboh.com/;Y;
TBD;https://www.formidable.com/;Y;
TBD;https://www.formstack.com/;Y;
TBD;https://fourkitchens.com/;Y;
TBD;https://www.fraudio.com/;Y;
TBD;https://www.freeagent.com/;Y;
TBD;https://www.freeletics.com/;Y;
TBD;https://fuelmade.com/;Y;
TBD;https://fullfabric.com/;Y;
TBD;https://www.functionize.com/;Y;
TBD;https://www.gaggle.net/;Y;
TBD;https://www.geckoboard.com;Y;
TBD;https://generalassemb.ly/;Y;
TBD;https://www.geo-jobe.com/;Y;
TBD;https://gerencianet.com.br;Y;
TBD;https://www.gft.com/;Y;
TBD;https://ghost.org/;Y;
TBD;https://ghostinspector.com;Y;
TBD;https://giantmade.com;Y;
TBD;https://giantswarm.io;Y;
TBD;https://www.gigsalad.com/;Y;
TBD;https://www.gitbook.com/;Y;
TBD;https://github.com/;Y;
TBD;https://about.gitlab.com/;Y;
TBD;https://gitprime.com/;Y;
TBD;https://glennwebsitedesign.com/;Y;
TBD;https://www.glitch.com/;Y;
TBD;https://gluware.com/;Y;
TBD;https://www.godaddy.com/;Y;
TBD;https://www.gohiring.com/;Y;
TBD;https://gojob.com/;Y;
TBD;https://conveyhealthsolutions.com/;Y;
TBD;https://www.gotpro.com/;Y;
TBD;https://grafana.com/;Y;
TBD;https://granicus.com/;Y;
TBD;https://www.graylog.org/;Y;
TBD;https://gremlin.com;Y;
TBD;https://gridium.com;Y;
TBD;https://www.groovehq.com;Y;
TBD;https://build.gr.ps;Y;
TBD;https://www.grubhub.com/;Y;
TBD;https://www.gruntwork.io/;Y;
TBD;https://www.guidesmiths.com/;Y;
TBD;https://www.hackreactor.com/remote/;Y;
TBD;https://hanno.co/;Y;
TBD;https://hanzo.co;Y;
TBD;https://happycog.com/;Y;
TBD;https://www.getharvest.com/;Y;
TBD;https://hashex.org/;Y;
TBD;https://www.hashicorp.com/;Y;
TBD;https://www.helabs.com;Y;
TBD;https://www.headway.io/;Y;
TBD;https://www.healthfinch.com/;Y;
TBD;https://heapanalytics.com/;Y;
TBD;https://heetch.com/;Y;
TBD;https://www.helpscout.net/;Y;
TBD;https://www.heroku.com/;Y;
TBD;https://www.hireology.com;Y;
TBD;https://www.homeflicwegrow.com/;Y;
TBD;https://homevalet.co;Y;
TBD;https://www.honeybadger.io/;Y;
TBD;https://honeycomb.tv/;Y;
TBD;https://www.hopper.com/;Y;
TBD;https://careers.hotjar.com/;Y;
TBD;https://www.hudl.com/;Y;
TBD;https://hugo.events;Y;
TBD;https://hmn.md;Y;
TBD;https://husldigital.com;Y;
TBD;https://www.hypergiant.com/contact/;Y;
TBD;https://hyperiondev.com/jobs;Y;
TBD;https://hypothes.is;Y;
TBD;https://www.ibm.com;Y;
TBD;https://iclinic.com.br/;Y;
TBD;https://idonethis.com/;Y;
TBD;https://www.ifit.com/;Y;
TBD;https://www.igalia.com/;Y;
TBD;https://www.imaginelearning.com;Y;
TBD;https://www.getimpala.com/;Y;
TBD;https://www.impira.com/;Y;
TBD;https://implisense.com/;Y;
TBD;https://incsub.com/;Y;
TBD;https://infinite.red;Y;
TBD;https://influxdata.com;Y;
TBD;https://inpsyde.com/en/;Y;
TBD;https://inquicker.com;Y;
TBD;https://www.inshorts.com/;Y;
TBD;https://instamobile.io;Y;
TBD;https://www.instructure.com/;Y;
TBD;https://www.intellum.com;Y;
TBD;https://www.inin.com/;Y;
TBD;https://www.intercom.io/;Y;
TBD;https://ifsight.com/;Y;
TBD;https://www.intevity.com/;Y;
TBD;https://www.intuit.com/;Y;
TBD;https://www.imachines.com/;Y;
TBD;https://www.invisionapp.com/;Y;
TBD;https://iohk.io/;Y;
TBD;https://www.iopipe.com;Y;
TBD;https://www.iosapptemplates.com/;Y;
TBD;https://ipinfo.io/;Y;
TBD;https://www.ipsgroupinc.com/;Y;
TBD;https://jobs.iqvia.com/our-company;Y;
TBD;https://www.ironin.it/;Y;
TBD;https://www.iterative.ai/;Y;
TBD;https://iwantmyname.com/;Y;
TBD;https://jacksonriver.com/;Y;
TBD;https://jaya.tech/;Y;
TBD;https://www.jbssolutions.com/;Y;
TBD;https://www.jitbit.com/;Y;
TBD;https://iruuza-inc.com/;Y;
TBD;https://recruitment.jobsity.com/;Y;
TBD;https://www.jollygoodcode.com;Y;
TBD;https://www.journy.io;Y;
TBD;https://www.joyent.com/careers/;Y;
TBD;https://www.jupiterone.com/careers/;Y;
TBD;https://kaggle.com/;Y;
TBD;https://kea.ai;Y;
TBD;https://keen.io/;Y;
TBD;https://www.kentik.com/careers;Y;
TBD;https://www.khanacademy.org/;Y;
TBD;https://careers.kickbacksystems.com;Y;
TBD;https://kinsta.com;Y;
TBD;https://kiprosh.com;Y;
TBD;https://www.kissmetrics.com/;Y;
TBD;https://www.klaviyo.com/;Y;
TBD;https://www.knack.com;Y;
TBD;https://kodify.io;Y;
TBD;https://koding.com;Y;
TBD;https://www.komoot.com;Y;
TBD;https://www.heykona.com;Y;
TBD;https://konkurenta.com;Y;
TBD;https://kraken.com;Y;
TBD;https://kuali.co;Y;
TBD;https://labelbox.com/;Y;
TBD;https://www.lambdaschool.com/;Y;
TBD;https://lambertlabs.com/;Y;
TBD;https://www.laterpay.net/;Y;
TBD;https://www.leadershipsuccess.co/;Y;
TBD;https://www.leadfeeder.com;Y;
TBD;https://leadiq.com/;Y;
TBD;https://letsencrypt.org;Y;
TBD;https://www.lifen.health/;Y;
TBD;https://www.ltvco.com/;Y;
TBD;https://www.lightbend.com/;Y;
TBD;https://www.lightspeedhq.com/;Y;
TBD;https://www.linaro.org/;Y;
TBD;https://lincolnloop.com/;Y;
TBD;https://linepluscorp.com/;Y;
TBD;https://www.link11.com/;Y;
TBD;https://www.linuxfoundation.org/;Y;
TBD;https://lionsher.com/careers/;Y;
TBD;https://litmus.com/;Y;
TBD;https://www.liveperson.com/company/careers;Y;
TBD;https://www.loadsys.com;Y;
TBD;https://localistico.com;Y;
TBD;https://logdna.com;Y;
TBD;https://www.lullabot.com/;Y;
TBD;https://www.luxoft.com/;Y;
TBD;https://lt.coop.br/;Y;
TBD;https://www.lytx.com/en-us/about-us/careers;Y;
TBD;https://madewithlove.com;Y;
TBD;https://labs.madisoft.it/;Y;
TBD;https://www.mailerlite.com;Y;
TBD;https://manifold.co;Y;
TBD;https://www.mapbox.com/;Y;
TBD;https://marcopolo.me;Y;
TBD;https://www.marketade.com;Y;
TBD;https://marsbased.com/;Y;
TBD;https://massivepixel.io;Y;
TBD;https://maxicus.com/;Y;
TBD;https://mayvue.com/;Y;
TBD;https://www.mediacurrent.com/;Y;
TBD;https://www.mediavine.com/;Y;
TBD;https://medium.com/;Y;
TBD;https://memberful.com;Y;
TBD;https://memory.ai/;Y;
TBD;https://about.mercari.com/en/;Y;
TBD;https://merico.dev/;Y;
TBD;https://meridianlink.com/;Y;
TBD;https://metalab.co;Y;
TBD;https://metamask.io;Y;
TBD;https://meteorops.com;Y;
TBD;https://www.microsoft.com/;Y;
TBD;https://getmindful.com/;Y;
TBD;https://www.mixcloud.com/;Y;
TBD;https://mixmax.com;Y;
TBD;https://mixrank.com;Y;
TBD;https://mobilejazz.com;Y;
TBD;https://www.modernhealth.com/;Y;
TBD;https://tri.be/;Y;
TBD;https://modsquad.com/;Y;
TBD;https://molteo.com/;Y;
TBD;https://mongodb.com;Y;
TBD;https://monthly.com;Y;
TBD;https://www.mozilla.org/;Y;
TBD;https://www.mtcmedia.co.uk;Y;
TBD;https://muckrack.com;Y;
TBD;https://mux.com;Y;
TBD;https://mycelium.ventures/;Y;
TBD;https://www.mysql.com/;Y;
TBD;https://www.nagarro.com/en;Y;
TBD;https://www.nationwide.com/;Y;
TBD;https://www.netapp.com/;Y;
TBD;https://www.netguru.com;Y;
TBD;https://www.netris.ai;Y;
TBD;https://www.netsparker.com/;Y;
TBD;https://www.webdesignedinburgh.com;Y;
TBD;https://www.newcontext.com/;Y;
TBD;https://www.nexttrucking.com/;Y;
TBD;https://www.nocodenoprob.com/;Y;
TBD;https://nodesource.com/;Y;
TBD;https://noredink.com;Y;
TBD;https://www.novoda.com/;Y;
TBD;https://www.npmjs.com/;Y;
TBD;https://nuagebiz.tech/;Y;
TBD;https://www.nuna.com/;Y;
TBD;https://www.nvidia.com/;Y;
TBD;https://www.oreilly.com/;Y;
TBD;https://www.oreilly.com/;Y;
TBD;https://ocient.com;Y;
TBD;https://octopus.com/;Y;
TBD;https://oddball.io/;Y;
TBD;https://www.okta.com;Y;
TBD;https://www.olark.com/;Y;
TBD;https://olist.com/;Y;
TBD;https://www.myollie.com;Y;
TBD;https://ollieorder.com/;Y;
TBD;https://www.olo.com/;Y;
TBD;https://www.ombulabs.com/;Y;
TBD;https://omniti.com/;Y;
TBD;https://onna.com/;Y;
TBD;https://onthegosystems.com/;Y;
TBD;https://opencitylabs.it/;Y;
TBD;https://opencraft.com/;Y;
TBD;https://openzeppelin.com/;Y;
TBD;https://www.optoro.com/;Y;
TBD;https://www.oracle.com/;Y;
TBD;https://www.ordermentum.com/;Y;
TBD;https://our-hometown.com/;Y;
TBD;https://www.outsourcingdev.com/;Y;
TBD;https://www.madewithover.com/;Y;
TBD;https://www.packlink.com/;Y;
TBD;https://pagepro.co;Y;
TBD;https://pagerduty.com;Y;
TBD;https://www.gopaktor.com/;Y;
TBD;https://www.palantir.net/;Y;
TBD;https://runpanther.io/;Y;
TBD;https://www.parabol.co/;Y;
TBD;https://tech.parkassist.com;Y;
TBD;https://www.parse.ly/;Y;
TBD;https://particular.net;Y;
TBD;https://pathable.com/;Y;
TBD;https://www.payfully.co;Y;
TBD;https://www.paylocity.com/;Y;
TBD;https://www.payscale.com/;Y;
TBD;https://paytmlabs.com/;Y;
TBD;https://corporate.payu.com;Y;
TBD;https://www.getbeyond.com/peachworks-restaurant-management-software/;Y;
TBD;https://www.people-doc.com;Y;
TBD;https://www.percona.com;Y;
TBD;https://pex.com;Y;
TBD;https://plai.team;Y;
TBD;https://platformbuilders.io/;Y;
TBD;https://platform.sh/;Y;
TBD;https://www.pleo.io/;Y;
TBD;https://plex.tv;Y;
TBD;https://www.pnc.com/;Y;
TBD;https://polygon.technology/careers/#all-roles;Y;
TBD;https://www.powerschool.com/;Y;
TBD;https://www.pragma.co/;Y;
TBD;https://www.precisionnutrition.com/;Y;
TBD;https://predictmobile.com/;Y;
TBD;https://www.prelude.co/;Y;
TBD;https://www.previousnext.com.au/;Y;
TBD;https://prezi.com/jobs/;Y;
TBD;https://www.prezly.com/;Y;
TBD;https://www.pwc.com;Y;
TBD;https://primer.io/careers;Y;
TBD;https://www.prisma.io/;Y;
TBD;https://www.privacycloud.com/en;Y;
TBD;https://www.procenge.com.br;Y;
TBD;https://procurify.com/careers;Y;
TBD;https://www.progress-engine.com/en;Y;
TBD;https://prominentedge.com/careers;Y;
TBD;https://puppet.com/;Y;
TBD;https://quaderno.io/;Y;
TBD;https://quantifyhq.com;Y;
TBD;https://questdb.io;Y;
TBD;https://www.quora.com;Y;
TBD;https://rackspace.com/;Y;
TBD;https://goraft.tech;Y;
TBD;https://www.rainforestqa.com/jobs/;Y;
TBD;https://solutions.travel.rakuten.com;Y;
TBD;https://www.ramp.com/;Y;
TBD;https://reactioncommerce.com/careers/;Y;
TBD;https://www.reactiveops.com;Y;
TBD;https://www.real-digital.de;Y;
TBD;https://realtimecrm.co.uk/;Y;
TBD;https://www.rebelmouse.com/;Y;
TBD;https://www.reboot.studio/;Y;
TBD;https://rechargepayments.com/;Y;
TBD;https://recurly.com/;Y;
TBD;https://www.redhat.com;Y;
TBD;https://www.redditinc.com;Y;
TBD;https://redmonk.com;Y;
TBD;https://www.redoxengine.com/;Y;
TBD;https://reducer.co.uk;Y;
TBD;https://reinteractive.com/careers;Y;
TBD;http://www.remotegarage.club/;Y;
TBD;https://remotebase.com;Y;
TBD;https://renofi.com/;Y;
TBD;https://replit.com;Y;
TBD;https://www.researchsquare.com/;Y;
TBD;https://www.revolut.com/;Y;
TBD;https://www.roadtrippers.com;Y;
TBD;https://rocket.chat;Y;
TBD;https://rtcamp.com;Y;
TBD;https://www.safeguardglobal.com/;Y;
TBD;https://www.salesforce.com/;Y;
TBD;https://sandhillsdev.com;Y;
TBD;https://scalac.io/;Y;
TBD;https://scandit.com;Y;
TBD;https://scopicsoftware.com/;Y;
TBD;https://www.scrapingbee.com/;Y;
TBD;https://scrapinghub.com/;Y;
TBD;https://scylladb.com/;Y;
TBD;https://www.seaplane.io/;Y;
TBD;https://securityscorecard.com/;Y;
TBD;https://www.seeq.com;Y;
TBD;https://semaphoreci.com;Y;
TBD;https://www.sendwave.com/;Y;
TBD;https://serpapi.com/;Y;
TBD;https://www.serverdensity.com;Y;
TBD;https://servmask.com;Y;
TBD;https://getsession.com;Y;
TBD;https://shareup.app;Y;
TBD;https://shippabo.com;Y;
TBD;https://getshogun.com;Y;
TBD;https://www.shopify.com;Y;
TBD;https://sigmadefense.com;Y;
TBD;https://signeasy.com/;Y;
TBD;https://www.silverfin.com/;Y;
TBD;https://simplabs.com/;Y;
TBD;https://simpletexting.com/;Y;
TBD;https://sixtostart.com;Y;
TBD;https://skillcrush.com;Y;
TBD;https://www.skillshare.com/teach;Y;
TBD;https://www.skyrocketventures.com/;Y;
TBD;https://www.smartcash.cc/;Y;
TBD;https://smile.io;Y;
TBD;https://smmile.com;Y;
TBD;https://www.smugmug.com/;Y;
TBD;https://socketsupply.co;Y;
TBD;https://softwaremill.com/;Y;
TBD;https://www.sommo.io/;Y;
TBD;https://www.soostone.com/;Y;
TBD;https://www.soshace.com/;Y;
TBD;https://spoqa.co.kr/;Y;
TBD;https://www.spotify.com/;Y;
TBD;https://spreaker.com/;Y;
TBD;https://spreedly.com/;Y;
TBD;https://getspruce.com/;Y;
TBD;https://stackexchange.com/;Y;
TBD;https://www.stairlin.com/;Y;
TBD;https://www.status.im/;Y;
TBD;https://getstencil.com/;Y;
TBD;https://www.stickermule.com/;Y;
TBD;https://www.stitchfix.com;Y;
TBD;https://www.stone.co/;Y;
TBD;https://stormx.io/;Y;
TBD;https://strapi.io/careers;Y;
TBD;https://streamnative.io/careers/;Y;
TBD;https://stripe.com/;Y;
TBD;https://studysoup.com/;Y;
TBD;https://superplayer.company/;Y;
TBD;https://www.surevine.com/;Y;
TBD;https://www.suse.com/;Y;
TBD;https://www.sutherlandcloudsource.com;Y;
TBD;https://www.sweetrush.com;Y;
TBD;https://www.swimlane.com;Y;
TBD;https://sysdig.com/;Y;
TBD;https://tag1consulting.com/;Y;
TBD;https://taledo.com/;Y;
TBD;https://taplytics.com/;Y;
TBD;https://taskade.com/;Y;
TBD;https://www.tatvasoft.com/;Y;
TBD;https://www.taxjar.com;Y;
TBD;https://www.teamflowhq.com/;Y;
TBD;https://www.teamsnap.com;Y;
TBD;https://www.computacenter.com/;Y;
TBD;https://www.ted.com/;Y;
TBD;https://teleport.org/;Y;
TBD;https://www.telerik.com/;Y;
TBD;https://telestax.com/;Y;
TBD;https://www.tenable.com/;Y;
TBD;https://teravisiontech.com/;Y;
TBD;https://testdouble.com/;Y;
TBD;https://www.testgorilla.com/;Y;
TBD;https://thecrafterslab.eu/;Y;
TBD;https://thegrid.io/;Y;
TBD;https://www.publisherdesk.com;Y;
TBD;https://www.scalefactory.com/;Y;
TBD;https://thewirecutter.com/;Y;
TBD;https://theoremone.co/;Y;
TBD;https://www.thinkful.com/;Y;
TBD;https://thirdiron.com/;Y;
TBD;https://thorn.org/;Y;
TBD;https://timespothq.com/;Y;
TBD;https://tipe.io;Y;
TBD;https://pos.toasttab.com/;Y;
TBD;https://toggl.com/;Y;
TBD;https://www.toptal.com/;Y;
TBD;https://www.git-tower.com/;Y;
TBD;https://tractionboard.io/;Y;
TBD;http://www.tt.com.pl/;Y;
TBD;https://transloadit.com/;Y;
TBD;https://travistravis.co;Y;
TBD;https://travis-ci.org/;Y;
TBD;https://teamtreehouse.com/;Y;
TBD;https://trello.com/;Y;
TBD;https://www.truelogicsoftware.com/;Y;
TBD;https://truss.works;Y;
TBD;https://www.tuftandneedle.com/;Y;
TBD;https://www.turing.com/;Y;
TBD;https://www.twilio.com/;Y;
TBD;https://www.two.ai/;Y;
TBD;https://www.udacity.com/;Y;
TBD;https://uhurunetwork.com/;Y;
TBD;https://weareuncapped.com/;Y;
TBD;https://www.upwork.com;Y;
TBD;https://www.upworthy.com/;Y;
TBD;https://usaa.com;Y;
TBD;https://www.ushahidi.com;Y;
TBD;https://www.uship.com;Y;
TBD;https://www.valimail.com/;Y;
TBD;https://www.varnish-software.com/about-us;Y;
TBD;https://vastlimits.com/;Y;
TBD;https://vercel.com/;Y;
TBD;https://veryfi.com/about;Y;
TBD;https://viperdev.io;Y;
TBD;https://www.virtahealth.com;Y;
TBD;https://www.vmware.com/in.html;Y;
TBD;https://voiio.de;Y;
TBD;https://www.voxmedia.com/;Y;
TBD;https://boards.greenhouse.io/voxy;Y;
TBD;https://vshn.ch/jobs;Y;
TBD;https://wallethub.com/jobs/;Y;
TBD;https://webdevstudios.com/;Y;
TBD;https://www.webfx.com;Y;
TBD;https://www.webikon.sk/en/;Y;
TBD;https://www.webrunners.de/en/;Y;
TBD;https://www.wellsfargo.com/;Y;
TBD;https://wemake.services/;Y;
TBD;https://www.wemakemvp.com/;Y;
TBD;https://www.whitecapseo.com/;Y;
TBD;https://whitespectre.com;Y;
TBD;https://www.wikihow.com/wikiHow:About-wikiHow;Y;
TBD;https://wikimediafoundation.org;Y;
TBD;https://wildbit.com/;Y;
TBD;https://www.wizeline.com/;Y;
TBD;https://www.wolfram.com;Y;
TBD;https://www.wolve.com/;Y;
TBD;https://www.wombatsecurity.com/;Y;
TBD;https://wp-media.me/;Y;
TBD;https://x-team.com/;Y;
TBD;https://xapo.com/en/;Y;
TBD;https://www.xpi.com.br/;Y;
TBD;https://yandex.com/;Y;
TBD;https://www.yazio.com/en/jobs;Y;
TBD;https://www.yodo1.com/en/;Y;
TBD;https://www.yonder.io;Y;
TBD;https://www.urlaunched.com;Y;
TBD;https://www.youneedabudget.com/;Y;
TBD;https://youcanbook.me;Y;
TBD;https://zamp.com.br/;Y;
TBD;https://zapier.com/;Y;
TBD;https://zeit.io/;Y;
TBD;https://www.zenrows.com/;Y;
TBD;https://zignaly.io/;Y;
TBD;https://zip.co/us/;Y;
TBD;https://www.zolar.de/;Y;
TBD;https://zup.com.br/;Y;
TBD;https://evernote.com/careers/;Y;
